x1,x2,x3,y
-0.18614127596590957,-0.36988869392225987,0.05176081794522758,1.4960019540541332
-0.29824602589031857,1.0,-0.6379095234365426,7.739859207391597
0.35642049532426445,-1.0,0.5180336535455952,-0.20426724399947283
-1.0,-0.24922763548474092,-0.0873092154100108,-4.10654055442327
1.0,0.8042726257550663,0.29988324057983795,10.262505416903698
0.22751202808189186,0.66328972986194,0.44215735097716813,1.7980642649357212
0.41832956988828096,1.0,0.547328355881606,8.152147083799662
-1.0,-0.1885240348303321,1.0,4.275760418041686
-0.7294516398798938,-0.511453598863244,0.3043167646915601,0.7372100827819015
0.2805827122500346,-0.7461491901683994,0.8575549581001007,-1.5482335609781503
0.314497619116884,-1.0,-0.5149579100001977,-1.4989102061154485
-0.2227267246251936,0.031085524850331225,-0.2373045809699219,0.9777569043218493
-1.0,-1.0,0.2675050702280446,10.19238511158448
-1.0,-0.6977224356172094,-1.0,4.578096366210146
0.258401729357713,-0.2021737525382008,-1.0,-3.611647678917526
-0.2742256686115174,-0.6619581930067222,-1.0,-6.751220815375076
0.08883652095154226,-0.3246165627165263,-0.8165577109242343,-0.04450045600220054
-0.33721176705120515,-0.4860554012066596,-0.49520879008346164,0.6419511924375473
-0.41894198790302406,1.0,1.0,14.74815625268838
0.7993523317220541,0.02356622819015808,0.6499421101403098,2.3580957191541767
-0.33731604409900795,0.05132589757168593,-0.2743283731198438,-0.6837222345617666
1.0,-0.4612586472906388,-0.25922166996077056,3.6338099470216134
0.3812712370158071,0.0351134507436639,0.5393094769453985,1.5383068934567024
0.32622081143087667,1.0,-0.5435487869642543,11.788068071764144
-0.10855461658310328,0.4013074093261504,0.5807783320480264,0.27887736885242514
-0.8807896569227318,-0.49542076702059745,0.13791451794034537,0.6657363761743009
0.03920104707481853,0.6855178213114936,-0.9041715239840882,-1.8442430067643243
-0.5466452258978289,-0.5501532889006502,0.04114092587867324,1.3289603755010924
0.08606985238908149,-0.2811278978394416,0.6015331025982675,0.6128533076378667
0.41559721576969255,-0.5950209623885754,0.6646996014849349,0.7684758067240843
0.05848183719865663,1.0,-0.03333353766110303,8.14749325813641
0.2156461789950781,-1.0,-0.9568999675778875,-16.54371150811758
-0.30495544517271345,0.5015609781621448,0.8423189337320243,1.3371621371318485
0.197537724318122,-1.0,0.024127085272477533,1.496415381128845
0.5536556104854498,0.5240771499611943,0.1168231461820246,1.7395049183267568
-0.28433149318521855,0.2158000524380148,-1.0,-2.744641474716083
-0.4719040439998454,-0.46683711404528183,1.0,0.7179282787474237
1.0,-0.6385958281591662,-0.9083922329289975,2.1417105472756632
1.0,0.026382017459105178,-0.4038552407613649,4.018893544863107
-0.7028468159810648,1.0,-0.9054114537263438,1.2780645414422396
-0.03234917025538597,-1.0,-0.2847144877450636,1.8212292813795137
0.23512231886410295,0.4002858066243382,-0.839590406107942,0.2911727188099439
-0.0005839305512029824,-0.6314433095759335,0.9364072516358442,-1.4166878111140657
1.0,1.0,0.1700057631597589,13.326292038828113
-0.11082923688256785,0.7446019794292291,0.52426838189921,1.3694422685698218
-1.0,-0.4016543119962275,-0.5381793347780626,-0.9899390792660685
-0.2072780463839321,0.9967107855735862,-0.15529123846724469,7.583557099010716
-0.32812945631201185,0.6899353513103046,0.616094592744503,1.3373510887563032
-0.4288543405036349,-0.246699313751652,-0.014252074273859217,-0.5991108810521107
-0.4772876814975704,1.0,-0.10627143680497819,5.31577139123485
-0.5814163403991663,-1.0,1.0,-0.9301552649380264
0.9626610211526236,0.13301802630809223,-0.8791072548948891,6.9016526106704905
-0.029493991092221172,0.5130184923708496,-0.3321806185408249,0.19819539590595106
-0.2580932557325144,-1.0,-1.0,-15.573911145377668
-0.25659477122957197,0.9477072600637764,-0.2246886815680873,4.932739090623926
-0.9001391070527605,-0.1790299557752575,-1.0,6.615446053110438
-0.07791835250638202,0.6975789367505612,-0.31899379051260657,1.0147323417818943
-1.0,-0.3143872422136471,1.0,6.343763724384815
0.8204827733598137,-0.8819085212483608,-1.0,-16.81502313135026
-0.6124017169999401,0.792862059095494,0.42038810536654725,-0.2721463619519159
-0.3608316426443081,-0.4467291242438065,1.0,0.6387121237545218
0.2885099451855997,-0.10458726484375913,-0.6013776060578702,0.9345576638577664
0.45714033244838115,-1.0,0.13378988157535865,0.5950645084304412
-0.13344297647323655,1.0,0.7267643782028577,9.39025149092492
-0.5675891401731805,-0.6967743184612925,-0.7290181289875577,0.1711015214105481
-1.0,0.1061583030867641,0.24117650310085925,-4.515858132253104
-0.3967473660625507,0.415544700063472,-0.9223372638852081,-1.9664465639583086
0.06728042526283362,1.0,-0.02633989350253807,8.082177923488194
-0.23033854280249377,0.22324704495947256,-1.0,-2.4656994526337197
-0.5840867142946309,0.37174444326256806,0.21725338615834633,-1.8664360685503902
-0.09684069638160198,-1.0,1.0,-7.150259163551619
0.20319796088340025,1.0,0.7943575019404845,8.187718738800289
0.01011221128716766,1.0,0.30118094964564546,7.730822158636856
-0.6434381519540502,-1.0,-0.30317520265673914,4.578205486955685
1.0,1.0,-0.7845769730169245,28.77865894059377
-0.6545925001777628,-0.7743738067349124,-0.7225888026257943,0.3348500325188281
-0.3273977391893279,0.18966806842731798,0.4564813113531976,-0.8033522289375228
0.8577662840627249,-0.23583268474226804,-0.8829357542276659,2.2223481851260347
-0.5735063079820646,0.7935031655320717,1.0,9.608827969692877
-0.5054784885003387,-0.288076595985175,-0.9272051082859349,-0.49771012118606395
0.33247715969154057,0.0008378172323157962,1.0,-0.5959914597688134
0.18377613850015573,0.7918913561814154,-0.12096569870544438,2.772991230256103
1.0,0.2609632604742447,-0.42388327643871637,4.868539721192806
-0.20491304986636139,-0.541269029509619,-0.027568820724912513,2.202911117794923
0.5412887474936869,0.24316207536334677,-0.41874919623107076,1.0529429646769144
1.0,1.0,0.18784211659524108,13.575465197820392
-1.0,-1.0,-0.1507475210122451,6.547035445794077
0.46413901743987274,-0.020118114119612507,-0.6446582362047144,2.2329490779092946
-0.36494719220859806,-1.0,-0.37726429118438576,1.7833865317258326
1.0,0.42960827793658996,-0.07530460994778232,5.879711644721418
1.0,-0.4247286919055453,-0.24625532478428136,3.508278927550737
0.649213224786164,-0.8380319887652674,0.7164843217780672,-0.46976879879124744
1.0,-0.2921739475700711,0.9553061994055134,7.420215677067594
-0.35444911742054486,0.6379556126426054,-0.3652736284234399,-0.524937887380741
0.8615557286967672,1.0,-1.0,21.571012154689193
0.14552875055239878,-1.0,-0.08390041409574134,2.7549374118194736
0.03693595592676302,0.008510213951306467,-1.0,-3.4440277311132492
0.07170047149325476,-1.0,0.3208424312567375,1.185759715113004
-1.0,1.0,-0.5463993633008235,12.445334297031183
1.0,0.31591430527333997,0.8115068773207272,12.493786224655045
-0.9492597242915255,0.22819643726921357,-0.1271350006450731,-4.140228262022996
-0.1528849154316847,0.08809047547205928,-0.20645361482772207,0.7781210886758556
0.5309091469227483,1.0,-0.3404807266685814,10.252929776555275
0.9467247267045285,0.4269144467175541,-0.5820584010758179,4.390990538584148
1.0,-0.4647616770248195,0.6191568032245633,5.453089804426605
-0.509980249938929,0.6895157532682403,1.0,7.315648439606457
0.061586780482172365,1.0,1.0,12.460815102505888
-0.9411853566472947,-1.0,0.5770984524003002,11.65771294292632
-1.0,-0.08231261898662257,-0.2710643303012521,-3.11403651734787
0.084907684950287,-0.13544818707035122,-0.06187503157334717,1.43917353712612
-0.6212624726289648,1.0,-1.0,0.5320656784969429
-0.37166881743657343,-0.403720394145789,0.20052290636957903,-0.41787852485396054
-1.0,0.16631865589699868,0.07743960526135618,-4.746929327191565
0.6577293692202892,0.9541880459611933,-0.28144459221003104,7.334053939875504
0.8345665022205944,1.0,0.9621166306190814,16.05106472357667
0.4943378443911415,-0.5632862544878594,0.2683695083539075,0.805477168005322
-0.7697900434340468,-0.7424554116284745,-1.0,-0.17959583126587106
0.12576371254091168,0.23774088492162537,-0.5565073575319446,0.2621560075015377
0.35338875099535594,-1.0,-1.0,-20.35994230915537
-1.0,1.0,0.3333955495740173,3.595354630672339
0.9330345608391417,-0.9536530378770245,-0.304458288397929,-4.749383033352974
0.04977075379905349,-1.0,0.43052414169314956,1.8815481014401452
0.5727804384636765,-0.9785444022002745,1.0,-6.897554817062388
-0.8362224548385111,-1.0,0.13332225748626003,7.270633812915661
-1.0,1.0,-0.7802013209543852,14.251997553393629
0.26620920810699533,-0.6790974625281243,0.6515384283943726,0.28995934582684674
-0.5818154941732288,0.26899608879285375,0.05116640796250849,-0.8057643860261369
-1.0,1.0,0.6866948091206193,1.0035752964689073
-1.0,1.0,1.0,17.075456377163622
0.4077135026326262,1.0,0.11302313109086737,7.558335541104991
0.4896554310242729,1.0,0.2729624677220097,6.426748320136635
0.05280843582392536,0.6425545374608972,1.0,5.1521090533895855
-1.0,-0.2501206197377237,0.012524084675335168,-3.5821856367933482
0.23938173617146852,0.2988283045124387,-0.3728010359395644,1.4121519681320631
0.6866373722777337,0.365768792626574,-0.018879988916562507,1.8718648449406337
-0.8305564860258696,-0.8924871185942982,0.052380087517542195,5.482002812914523
-0.41460683723471115,-0.5808777839901176,-0.11056913638386745,1.4296361791043979
0.6607127134375483,-0.2291802002055412,0.587705150260023,2.273728035156228
0.7413017655006986,0.1708970444562643,-0.01165616299662764,1.3516611621502235
0.31825634801581804,-0.8261289967525205,-0.9964875568140092,-11.724724774220672
0.08580438961126013,0.41864800976956307,1.0,3.15839567923884
-0.07585029704051571,-0.9590159088051649,0.7509546485996015,-0.9608612904446204
-0.43816707149005607,-1.0,1.0,-3.7435973755273535
-1.0,-0.34850759684451793,0.6192823922634181,-0.42535319052789905
-0.6261665083490404,0.17347127400038453,1.0,2.242457634495568
0.08374048836559522,0.26603596832138177,1.0,1.6617396457455336
0.058612269083179624,0.19006272880561115,0.9120800811859235,-0.3445829037942256
-0.14938076101573006,-1.0,1.0,-6.355006394804634
-0.1923390736314341,-1.0,0.34202496427695306,2.565015148874603
-1.0,-1.0,0.5292147996488903,12.597149472318062
-0.4519578209028696,-0.4287577779776195,0.4898421560998074,-0.38346270825050616
0.9674936544737678,-0.1850707937378282,0.24860937229283597,4.297584471277962
-0.010600256207811354,0.4702647491943013,0.22598083718728335,-0.10893830268505483
0.3665449097915461,-0.017940807553426197,0.00014734056738352486,1.2845720231225444
-0.24644173359446908,-0.5722849094005811,-0.37961745630141763,0.5886868497279875
-0.5889820691377585,-0.012546366588734204,-0.9284265176508024,0.42831370030413835
0.6855753343148472,-0.6621764279727023,-0.5190147152576412,1.3238615054121303
0.8280454705269586,-0.14755220662748836,-0.11431550963014869,2.147876363396529
-0.5817518878022547,-0.35633635896248395,1.0,1.943939696380671
0.7713941865981528,0.0855818266198971,-0.5340652372790116,1.8455138738610515
-0.5774443050969158,-1.0,-0.8560266594084611,-4.429532097676667
1.0,0.5465306143866071,-1.0,13.355752883625682
0.16551318950546134,0.11213349865775601,-0.45630547479090167,1.2382780372088757
-0.4372463437973222,-1.0,-1.0,-12.78704889935821
1.0,-1.0,0.9227877633511155,-6.923976064408415
0.9588817657950133,0.6349041484969926,-0.011680278173558767,6.044526878715194
-0.18318282767579008,0.32377580382419624,-0.98047132043408,-2.920873581437162
0.39215556978473765,-0.1280035811075615,-0.36191217902693595,2.1388986829021612
-0.5698898052285328,-1.0,0.080252203181302,4.1965533871486045
-0.5670040583812204,-0.029465292995450865,0.14713605061889368,-0.21338830881840176
1.0,1.0,-0.01849505321608791,14.972256984679731
1.0,-0.15382008845701245,0.15759512795288777,4.755922650822534
0.07635941814741343,0.3325047944570778,-0.0003253510600209619,0.03872583344023939
0.3288063182612717,0.018692017853334297,0.656364644753918,0.6211159279873285
0.24776539070372317,1.0,1.0,9.643048579719146
-0.44708802232177725,0.16633764788765837,0.6932202379650856,0.11723477262355109
-1.0,0.21275300408765618,0.9233815617256178,0.4198513095376901
-0.9950565811679151,0.2723799990583524,0.6332176940286511,-4.061842384781971
1.0,-0.2263658525533303,0.21459700811496418,4.622835936146715
0.07929453087134397,1.0,-0.5882234121979384,10.683416643104767
1.0,0.7740004472451991,-0.4874146292905135,8.612939056053524
1.0,0.6085878092617469,0.5657569052044944,11.110814443853975
0.8438402799926352,0.507530512076759,-0.2351404828382102,2.5371085261934354
0.7146122129844183,0.856451930149084,-1.0,3.301116175884112
1.0,0.13324641936821835,0.874230882701251,12.485854453714053
-0.6808087984086164,-0.17127201480024423,-0.7882208054400195,1.0531990124768444
0.12398020112489294,0.6448586523224236,-0.7029890412205195,0.43694601047539894
0.002217773827756897,-0.07323240685081056,1.0,0.29287862293626354
-0.8203257062963798,-0.39130461492968394,0.0044425969370300855,0.05602608659392244
-0.8624725189190023,-0.12981346422901008,-0.2903397099856384,-0.8090597759695366
1.0,0.025616400566369713,-1.0,8.00404101270746
0.045839378431628,-0.05404539229102001,1.0,-0.7750917877432052
0.7884174667824788,-1.0,0.7288378206009123,-3.8258392853270333
-0.9607533793886331,-0.9525915493067343,0.2509599582501332,7.667221431735743
-1.0,1.0,0.8224474958117427,3.8521750189391626
1.0,0.7673147572989065,-0.5623972193949855,8.700205323031083
0.038136739169574385,1.0,-0.7509880783856875,9.43287026266221
1.0,0.457756100132958,0.8206803030737528,14.659103199731955
-0.7893207182596478,-0.48313571725486093,0.9411994631758696,3.29416275422314
0.019403674015328054,-0.5730694155040152,0.2781515736298068,0.4483369830209567
-0.6631293624863339,-0.3594348210861771,1.0,2.831560202458182
1.0,-0.39606434130695156,1.0,6.490809485760673
-0.9214529841966748,-0.6151740639647778,0.5513464602511462,3.448323001540166
0.32907683164283363,0.25097223562216553,1.0,1.3431848159417283
-0.5849833787823246,-0.12860519944998972,-0.22898826113035886,0.5963006676352065
-1.0,-0.09647900171403334,-0.2971898313074899,-3.0918442304351315
-0.7060899998651682,-0.9122177412386125,0.5090356827617508,3.9881895444389435
0.9491227580355215,-0.6033320106335969,0.27738490506106417,2.2778974320638565
1.0,-1.0,-1.0,-28.97736013971368
0.5690053045060672,0.9000296380956445,0.5567182952629719,4.899946389825735
1.0,-0.5356778356662106,-0.4587876940501663,3.3650882741883725
-0.7874952502741839,1.0,-0.3107749855107367,4.792769241190189
0.7016959381544654,0.35502209467830537,1.0,5.446496783760742
-0.8327863364285357,-1.0,1.0,6.955966313112807
0.5664103616626455,0.6759781340773869,0.6267113199625975,3.502348598956691
0.2507061594219928,0.7341116944463366,1.0,6.019198827852404
0.6007242834053614,-0.8684300552480368,-0.9076232920935603,-8.950400452246399
-0.7812025467209918,-0.5674523279178723,0.7001661876563812,2.0399592363686123
-1.0,-0.017630961040205673,-0.6658784943708576,0.5758864395195915
-0.8061615630358525,1.0,-0.5524262399449971,5.5759224790201785
0.27828421196134645,-0.45196730769416793,-0.05659469573160414,0.4207460727302238
0.02354771062639127,-1.0,-0.3624428340692305,1.2949750115103806
-0.9268584763887981,0.0705348889601205,0.06282656210548176,-2.375584887917464
1.0,-1.0,1.0,-8.52629595959036
0.4912670389839189,-0.7214215732043106,0.9847022153240874,-3.399816782840973
-0.501936209087402,1.0,-0.29947389829046567,6.720973709440999
-1.0,1.0,0.12140552164925089,5.665019742863867
0.19629585460528154,0.42610866571571604,-0.08542658228849498,0.7130459866127846
0.6481061847933116,-0.846717500488515,0.6919047336324213,-0.6022075936122581
1.0,-0.07904137945276846,0.14061920505097625,5.0899983919202505
0.047342785954303634,-0.36705082054921556,-0.22076888222200175,1.139305315633297
0.7785697786678132,-0.04254148173229333,-1.0,-0.7470436751152353
-0.9375691261172214,1.0,-0.3000653883693625,7.301252407796507
0.1102426330569608,0.6044001772342775,-0.158258501556372,0.8368170124486086
-0.16441869439251278,-0.5174787582692335,-0.4341286115794012,0.9438913294385556
-1.0,-0.379533444127218,1.0,7.017642795592453
0.12458918092218929,0.07159128853633634,0.03405138814906339,1.1086733435872573
0.4103606995346889,-1.0,-1.0,-20.93226123001395
-0.1530003713596253,-0.09101639227655278,0.16276963916779175,0.3318817055494446
-0.9026250568844849,-0.3605611094379586,1.0,4.611636376016647
1.0,-1.0,-0.365676808946239,-10.368941554848089
-0.18711984089156974,0.7146989305120475,-0.5561373330461186,-0.24559938421254823
0.39730933553319536,-0.8478501113583257,0.7332335563760035,-0.19826362898158756
-0.16368300380881684,-0.3875832002190409,0.49848105328069003,0.8238641998470584
0.499243478707428,-0.6115740916860579,1.0,-2.8786293728156136
-0.17747588382434065,0.004341066360513901,-1.0,-3.4079517329632374
-0.018977199258984445,-0.5088764909780343,-0.35310365186392123,1.468928817756089
-0.3875700352362721,-1.0,0.7206983298270138,0.47549477092929177
-0.24166109126986002,1.0,-0.29186015644027585,8.216247832934394
-0.00256212433122327,-0.4652109137756877,-1.0,-6.198965404792732
1.0,-1.0,0.14309789192698075,-7.389186252837145
-0.23685479986680646,-1.0,1.0,-5.101963471871269
0.3673593206180117,-0.8265287489709519,1.0,-4.924389149043181
1.0,0.35510612687962717,1.0,18.743928062044777
0.07778277793973354,-0.3428735701794383,-0.20045818566705575,0.7004187164785984
-1.0,0.28568237571464405,-1.0,15.340814474670514
1.0,0.28682977440460644,-0.5885026898490102,5.299350844665967
-0.4676650419571864,-0.9196315537628845,-0.30015195353638147,3.3718919819241986
-0.7351848149139728,0.5975412151644228,0.8475219122854074,1.0879645360940209
0.32963585438393883,-0.9926335336616825,-0.04173042246855907,2.044716447718633
0.6354233046524376,-0.9364749851458636,1.0,-5.2193303510009565
0.25393307746211624,-1.0,-0.03275429560599474,1.9779892462840385
0.4929905129747507,-0.2734809365813473,0.5457593975931128,0.7447802117190317
-1.0,0.5046450070002417,-0.23729081369537108,-1.682796232007507
-0.7592343587581585,0.47426167685626663,1.0,3.9900632661696984
-0.14817618227601814,-1.0,0.5714604712480063,0.8701545231555257
-1.0,1.0,-0.06647090745966033,8.988253307482799
0.6119803427477328,-0.18408746876694715,-0.020770569649030124,1.4055568688195494
-1.0,-0.09999352612745582,-0.2653738332955533,-3.812498809255203
0.8188487349117612,0.9794265710245442,0.3793588073935277,8.431201536314667
0.18736443456168184,1.0,0.14454192497217222,7.436755489466745
-0.31772428066197156,-0.6140299776828735,0.3113893298085064,1.3404745606280999
-1.0,-0.28317747120607684,0.911456728082225,2.9218132213031414
0.046755808501186547,-0.12082318479850684,-1.0,-3.017985923992061
0.16068797774388655,-0.21671920043754556,0.6722761026134114,-0.507862575168973
0.4413447840700686,-0.2961720802123802,-0.198837058720029,0.9230515891292619
-0.6147330430474198,0.493409861469561,0.3303202842251951,-2.661956528717882
0.14627486954946778,1.0,-0.7746405978633883,10.474936231789034
-0.7618575210582796,0.16356248455260047,-1.0,3.888510122972243
-0.1275120762141555,0.03148226272660004,0.2937314132501383,0.4450900501405362
0.7291441524795275,-0.8219438101230698,1.0,-4.077798139862985
0.7704569825254757,-0.13324733868410865,-0.7381520536160473,2.2394182372659204
-0.3478145706446183,0.0354920998721906,-0.35164140678275513,0.3694576579126029
0.8508003167753893,0.010245708405761889,1.0,5.284361856517026
0.12859044584536328,1.0,-0.8471587819785846,9.823136611701504
-1.0,-0.7391867608789107,0.6390505305303631,7.428663068101839
0.3330076784300866,0.14436875930951043,0.5964600051037192,0.7753554963589051
0.04804520762344322,0.7700160166194363,-0.6634697516015391,1.7320787299839664
-0.3191113522952522,-0.11044652204535033,-0.22779663801580807,0.01771518032839159
-0.0034773110838903776,-0.31467553484917743,0.2244971377347682,1.0283139580016492
0.3143417875904766,0.6755930657999358,-0.07211739928069805,0.1717534558200735
-0.35549189925810176,-1.0,1.0,-5.085734070554604
-0.9148840738833852,-1.0,-1.0,0.021319879082762533
0.8913443117505793,-0.5048053804337564,-0.21800189248144575,1.7900745475732733
-0.9274868937858265,-0.845398689806639,-0.06539383299449986,4.0802582538653125
0.14234761062826107,-0.41505923294191516,-1.0,-4.452954993440843
-0.3925896081243758,0.04934268247266438,0.307022160979437,-0.41696704351495845
-0.05806160271917493,-0.8505037959430293,-1.0,-11.258619774359627
-1.0,-0.17445469176429262,-0.15565651677999282,-3.9689340751458615
0.4695969322860454,1.0,0.343421172048749,6.5408035709533845
0.27650443934183366,-1.0,-0.45964173794543006,-0.49371161196908464
1.0,0.9650137739458109,-0.4610838136632669,16.19534485414992
-1.0,-0.7484067201986895,0.3970323447511621,3.858320536019317
0.268342890379458,-1.0,0.8501372456123741,-2.737555529088894
-0.6954356053951185,-1.0,1.0,1.7661866347415376
-0.4006489390617314,-0.42906148250456466,0.7946083716428114,0.6032953150265824
0.4607742379211357,-0.21719689785692675,-0.2526691635144238,1.3226948238680578
-1.0,0.1825621045021517,-0.010672409214506295,-4.4001141015084615
0.16248092841237738,-1.0,-1.0,-17.979902002578296
-0.5565636440746449,-1.0,0.02692554372511613,4.17082083028556
1.0,-0.9266199535058945,-1.0,-18.343494678122685
-0.20563534045239273,-0.7689408770277888,-1.0,-8.18786362366598
-0.16590336342870815,0.0502070324719206,-0.6691948841803963,0.2461474571060434
-0.7586800615753704,0.21815101458266928,-1.0,3.182293585280917
1.0,0.13593966998268292,-0.6543178393979909,5.525133634567376
0.21803110819993843,-0.24728520892669437,0.9201743140037444,-0.5717659692766246
-0.8484892700669109,0.13147277083530695,0.6081952608880647,-2.670083740166805
0.7804127415666609,1.0,-0.18938031307197956,10.25455022493781
0.5624565850815335,-0.4175576687738014,-0.019502492760102852,1.8690686888431518
0.3629318030026174,-0.15641753490596533,-0.8387917398006499,-0.08232107307879258
-0.5871396943394191,-0.05237779993470215,-0.4362490829033867,0.019009702632998823
-0.3958478437468367,-0.2732613337125871,0.5469575831187519,0.10271635901657716
-0.2899897971720313,1.0,-0.8997147408695001,5.558359407592907
0.24391178379131118,-0.40765674215851755,1.0,-2.389659408723038
-0.8341070699842343,-0.7322766590224208,1.0,7.318404112551652
-0.430194416891575,-0.9704699436499382,0.3316278783075348,2.8823584140111005
-0.995569856231757,0.33887065624834767,-1.0,15.989452889042779
0.7749403030857616,-0.806198972156638,-1.0,-12.511523469306347
-0.4525628198362279,0.5233316334161362,1.0,5.133676097644473
-1.0,-0.794706515230027,-0.48407567529044937,2.890068238795659
0.9803593206545054,1.0,1.0,24.36281198187707
0.08859679574488566,-0.466541634966253,0.2718618155815691,1.283599946419804
0.5028762565100604,-0.0473243380215107,0.8124710055020428,-0.025521541169128137
0.13846888633268795,0.4786225266756712,-0.4357720582564284,1.189074606057014
-0.4963822355532912,-1.0,-0.40695708240148165,1.9978711045923587
-0.6587914072112204,-0.022413467022264655,1.0,1.8613899287728835
1.0,0.2342136903387917,-0.2130110736472426,4.886756056046369
-0.13394845756622753,-0.2899470353080975,1.0,-1.1921930738375592
-1.0,1.0,-0.1535881207306975,9.400739196752927
1.0,1.0,-0.03602038166832888,15.018917917537127
0.18687822977763546,-0.21670326286131347,-1.0,-4.220470270611349
-0.43821423213994715,0.36713164882644844,-0.19081117965834782,-0.9612445905173592
0.5080197313902262,1.0,0.7799233718361067,8.521437000799104
-0.3155521382219182,-0.46913972892143163,-1.0,-4.130765661049147
-1.0,1.0,1.0,17.807970699452653
1.0,-0.8204366942599031,0.3747304015357489,0.3186712457305765
-0.03071106788681166,-0.4317016731214609,0.8363690087178914,-0.4586402813286162
-0.35720261165350475,0.5961209605877194,1.0,5.381659915974075
-0.3137684589137717,-0.5912908566418396,-1.0,-4.768828917744872
0.1188464596515737,-0.641155494463459,-0.9400805620849768,-5.327108689349698
1.0,-1.0,0.7822249394535961,-5.9083282639505805
-0.48850959810152617,-0.4896762289076564,-0.8865481813621774,0.405528053505433
-0.0063280946553783135,-0.5126779218226851,-0.7044965372924106,0.10258205556281451
0.5032655256767447,-1.0,1.0,-5.973495950968638
0.24640671782219647,0.8495913169498035,1.0,7.421158907356582
-0.6208327580358421,-0.5320315888778067,0.9148442307150024,1.7605303619225203
1.0,-0.821583246162682,0.8800788453470867,0.3359762803479486
-0.6753519614696673,-0.8696828727208741,0.24349940760489863,3.9853392510430248
1.0,-0.5610531125142513,0.0966077875782696,3.6986244982262577
0.654848343515096,0.6193212268323705,-1.0,-0.837467859303155
-0.9499269249549842,1.0,-0.18122498230036088,8.049719624401016
-0.9483929959796484,-0.185069442594598,0.7148000322112373,-1.1475231926433505
-1.0,0.0868865217007424,-1.0,12.196607023054678
1.0,-0.4743701426359981,1.0,5.8066160739921555
-0.4430808245028961,0.12235340507448056,0.38766723023602156,-0.21089991042265893
0.7599078780135295,-0.041686427332684683,-0.2655271553148799,1.9992963597576585
-0.44551062150723797,0.36660792331193215,0.659352281788365,-0.19273014103358188
1.0,0.5639792954976213,0.5209902305578364,10.555680179487329
-0.1344049080074008,-0.4930851690538003,-1.0,-5.723389409272368
-0.35362372472891224,0.9362953694075431,-0.38958983086939303,2.934667522756696
0.6977867044540216,0.24899068513011025,-1.0,-0.35408469647384494
0.08872761708189203,0.5483830433453813,-0.10518751220599443,-0.7455069985965825
-0.4596613525740183,-0.2171212883681477,-1.0,-1.5015156185543779
-0.9905334231712257,-1.0,-0.634929018470465,4.181385599268339
0.9439503679446488,0.500533440450067,-0.8332757983126082,6.418174978530367
1.0,-0.04281389892351051,-0.7395184458697635,7.096381968748077
0.2847528672702131,0.18461934123828394,0.543443362229187,0.6884121726065779
0.7899740672373115,-0.7640815954390063,-1.0,-10.377342640955678
0.4654504586347976,-0.20481561687032457,-1.0,-4.119297189199729
0.29977645587352675,-0.17064947677150477,0.08708593351210125,1.2222805040368057
-1.0,-0.014431281556068765,-0.8252588997679668,3.7810969760289064
-0.6975491508290872,-0.810604163134335,-0.8770709360632027,-0.45036387232575326
0.2156204582575587,0.1806794539480192,0.7794137222782329,-0.18339568266170686
0.5552179024077686,-0.3320611097433386,-0.26765459744990916,1.8857225845495478
0.49019724586743774,0.6041304215161285,0.2166639026263235,0.21108966642356464
-1.0,-1.0,0.2932793533508449,10.548187688568284
1.0,-0.3801467964831955,1.0,6.598523754690932
0.4394424159842747,1.0,0.9620190940957836,9.542686371520508
-0.0769426852009758,-0.0796824575113293,-1.0,-2.94050074480542
0.5022282338786854,0.1009256016544291,1.0,0.8793635443990853
0.6119839913982765,-0.7794820260349218,0.46571425459818205,0.2007461867338477
-0.0231165953393091,0.5575971073015289,-0.3671463459455857,-0.16600312713085313
-0.5311566673426553,0.28407015415958603,0.4531631656535875,-0.6325097935794181
1.0,-1.0,-0.4269219948799654,-9.800382219920483
-0.07475479452169864,-0.2027151456929268,0.8102914342931173,-1.0942069713699638
0.3477807911006905,-0.3730784472343913,0.8876885938553039,-0.6732059881385958
-0.17733137831756784,0.3372668124619078,-1.0,-3.4960845242553495
-0.18261997416303077,0.0546777541739889,0.5051978204410441,-0.2630722674134836
-0.37413854465084584,-0.808298971532943,-0.08363986399899037,2.002483470152636
0.20273020372452244,-1.0,-0.29196459177424416,1.444115448627386
0.9474707322873912,0.09662741028365529,0.4047373890408461,5.3495511188897025
0.9353215274506586,-1.0,0.35932388900109813,-5.7792733599458375
-0.41680659477688553,0.01641796538864293,-0.27047831703533887,-0.1575416038983732
-0.7741543455664537,-1.0,-0.8439910708012583,-1.677924259247527
-1.0,0.09981446509347469,-0.2551561175718702,-3.7823492499249993
-1.0,-0.19153391908779982,-0.08996402780423285,-3.6721738613271615
0.6723630723366967,-1.0,-0.8539503697271786,-15.334535927696255
1.0,0.28097837509521595,-0.3654786552802638,4.667582181901406
0.36419354560396555,0.1876106332619043,-0.02739515942953119,1.4557113941539275
-0.04003451158468474,0.3842199187249842,0.7649607304198525,0.7394482612241478
0.024368480251735436,-0.007778054303453352,0.6251330377954221,0.061605659934624135
-0.014073249194186399,-0.31880106181681045,0.8452818208161106,0.13645853139730618
0.7097773814878336,0.1958000498674255,0.8593677170682796,3.280876550938304
0.23701464619321255,-0.5504906345686502,1.0,-3.029690023380351
-1.0,0.11495500758257182,-0.4480696837408946,-1.430889869949362
0.6015273116503896,-1.0,-1.0,-24.82343646409907
0.3668642116831251,0.5235400896839573,0.20742127039616487,0.8081625615065031
0.8958588501577172,0.978344094844257,-1.0,22.111829287889663
-0.3050919269689192,0.28896523902094096,-0.8834248778603835,-1.567514870127
-0.9400769331146934,1.0,0.22029507266535275,3.7764980005640347
0.8185095670990279,-0.6819078200405566,0.3058806769420983,0.11549960554958882
-1.0,1.0,-0.3568777140198629,11.85799013942232
-0.3977815830512066,0.42868898519835974,0.3540202519404323,-0.8327198329828716
0.3701379954166226,-0.4670497925749222,-0.5082787206707777,1.4210482324845757
-1.0,-0.7695646617870147,-0.17375185209126243,2.455340970266812
0.9961391501675625,-0.29333951880008247,-0.8445611838406384,6.101213198176756
1.0,0.6682258336938167,0.7508640151819104,13.978747510747956
-0.3312178235284884,1.0,0.37113215701130486,6.712431249433878
-0.13930837441538402,-1.0,-0.7884620595344314,-6.1219050753124575
0.019352571783048722,0.4156055345461491,0.6281486837359327,-0.6836879729730485
-0.1528308580106117,0.15687191616581608,0.2791157246546401,-0.08208561169924145
1.0,-0.6317046180978565,1.0,2.503668359899084
0.5484409514735262,-0.30649175038534926,-1.0,-4.688599062704397
-0.818255403085389,0.3564714290917328,-0.5799337482204461,-2.1365033091119505
0.04980845234871767,0.44641363282497215,0.3759249681652539,0.8529849395512743
-0.1988782816258201,-1.0,-0.30794391227354656,2.9875799709911224
-0.0774542609349338,-1.0,0.639264902827648,-0.020262225522511217
-1.0,-0.44891143665248645,-1.0,5.854825693997677
0.0638070035987246,0.8181956589043047,0.08280602833626571,2.3087667976738953
1.0,-1.0,1.0,-10.220699372831056
0.1168646514319105,-0.09412718830821687,0.10405609907725544,1.0935262445702865
1.0,-0.14152316941891252,-0.32817643455246204,4.073108043528423
0.2377545951119111,0.20143949894394964,1.0,0.565587849590646
-0.18733930155120682,-0.5971972684711482,-0.1935789279985487,0.9597614766823317
-0.6390365123537822,1.0,0.6817621409449741,5.452293841293965
-1.0,0.3713156936421429,-0.26308434630529254,-2.8443635880531097
1.0,-0.002840496705428963,-0.1293509508050208,4.530471343891095
0.2785666408404366,0.06040785694528972,-1.0,-2.9973979272316713
0.3038255086356192,0.5863873744199775,-0.9352214922181412,-2.108624090281606
-0.40109065482610995,-0.8391558104454431,0.7170537636566927,0.4428767539889925
-0.43443052852240593,-0.3371264422870133,-0.6685898707475961,0.7823135753385284
-1.0,0.8787762308952194,0.8408191753876753,3.1434298603462603
1.0,-0.4457717025765975,-0.02538659336845761,4.109506426395639
0.5731877603487261,-0.5316811181884582,0.25084158742223117,0.9510212085688265
-0.04029226571572009,0.9286376393687577,-0.9049218845271234,1.9179428799260025
-0.8521552403221058,0.47401557012868034,0.40768626910557537,-3.8269087559401616
0.6285474195973348,-0.9835530890692084,-0.8065845958340152,-10.302998861798283
0.6003739171743603,0.28639982693414323,0.8125848561630642,2.885443446004343
-0.08506408073081007,-0.766704827715283,-0.7610538538301335,-1.2312808300250453
-0.8087560808198964,0.7131689223011686,-0.2414308893493009,-1.326565741578348
-0.8236184249825795,1.0,1.0,16.179052933417626
0.3473678478121469,0.456648452787618,0.08490934589412413,0.3133766973500768
0.20012854990861073,0.7022557504151032,-0.2871043946524503,1.5051829890975186
1.0,1.0,-0.026733166475991332,14.43074298751811
0.1196165846232693,0.470124553868714,0.8827943683607737,1.812777213588736
-1.0,0.05479518429656016,0.4320247364623375,-4.646901810798193
0.10871850281733475,-1.0,0.6508940530056975,-0.10365909440906712
-0.5382750236710359,0.7865015547306173,0.27589637760472985,-0.6962134571158052
-0.0013074650808364563,-1.0,-0.5165164019798443,-0.7245850825430633
-0.05634638065266362,-1.0,0.1618140069844265,2.232353402094513
0.9996387102756086,0.22022271714706299,-0.41280994018643313,4.517263128135518
0.6398535297319814,-0.9698725493708893,-0.22567072302274593,-0.7242843654776654
-1.0,-0.8481477510045099,-0.32362500811273964,3.322377032274735
-0.5496380851035023,0.26471250090294984,0.18647388366284567,-0.6608063633997072
1.0,0.3745238188497588,0.4885907685380324,9.56241775160346
-0.9173567649749821,0.38773023268877593,0.9799446759201642,3.370124716611034
-1.0,-0.8993620923701549,0.11698116760367139,5.885380177486287
0.3172465017908883,1.0,0.45495681009434086,7.009745897720925
0.3977144829588912,-0.8544757293278311,0.19922384433526164,1.503002748133873
-0.9512433299331677,-0.015284276833740007,0.956800222471963,2.4255958542894196
-1.0,-1.0,0.4023579988547241,11.925661073475014
0.5592282696108244,-1.0,1.0,-6.113313386505428
0.06020298939079849,1.0,0.5298453887744139,7.392097535757742
-0.05046468155953443,-0.530335910098853,-1.0,-5.366619700299133
0.029739967421825497,0.38037875561773293,-0.7322373509463862,-0.06277166075897833
0.7727107022030304,1.0,-0.49970840053781984,12.465330042923194
0.28135931115678936,1.0,-0.26128686096199516,9.249919417544337
-0.040377415697202323,-0.47192335661397844,-0.7757463383922776,-0.2738088248260048
-1.0,0.5901939157497798,-0.20603933761134496,-0.7215611597011271
-1.0,1.0,1.0,17.605356952345517
0.4993889243118437,0.6707932136671877,1.0,4.990965110867295
-0.02008881394368167,-0.17532938687678956,-0.9242941213673213,-1.5891543813574789
0.5026495221699567,-0.944191133868058,0.10473488767517392,0.4473195354404092
1.0,0.9467384065095501,0.2632860728435462,11.32199289803927
-0.5670965492478199,0.5527271768637965,0.2554928024813379,-2.9168586986358047
-0.4561639867482268,0.8941949601922128,-0.4300621568085339,2.5035554874743724
0.3063537735630921,-0.17169458746624588,0.998081358698302,-1.26980372313117
-0.0657481968522613,0.08732846914940007,-0.506445476801276,0.41641183465739817
0.3154998585391313,0.4010873139983926,0.7405441600746538,1.328043386162702
0.9972928365420204,-0.4808141533656842,-0.2621578289251454,3.5540821997999603
-0.9434074783218249,1.0,-1.0,14.594311123465884
0.4445839803413858,1.0,-0.6437782977887085,12.251307384279734
-1.0,1.0,1.0,16.66974239009132
-1.0,0.3931881447290486,0.22840513244925664,-4.074583086806415
0.059606320951361536,0.4040678468569827,-1.0,-3.81296768786883
-1.0,0.04660145232784463,-0.543136473525369,-2.3014618387272323
-0.4978604035555225,0.008973400222578976,1.0,1.5449616871365042
-0.3163010518788698,-1.0,0.4354134713232871,2.1104587652652476
-0.10779079976613914,-0.5235328867293554,0.3044439923368798,-0.3496521811258483
-0.07496928538563852,-1.0,0.8358852966015047,-2.5376753847245084
1.0,0.5736049184440366,-0.1664766366201238,5.426726400840832
-0.24161858673112424,0.7881884593253436,1.0,8.123565378516734
-1.0,-0.8132648353847638,0.005848204511472055,3.903946239828712
1.0,1.0,-0.8687793009527065,32.37318834832617
1.0,-0.4093208811514193,0.3088401102212939,3.698948557602075
0.3676822443748784,-1.0,-0.767624668925444,-8.419683974175772
-1.0,0.7598898187901144,-1.0,19.727822209570714
-0.6557893999884654,-0.4220410671571082,1.0,2.143852720734863
-1.0,0.36860706959029055,0.17507813512639414,-4.029302252121609
-0.8989255530594642,-0.07300179487858616,0.3482297523399547,-2.7017950954486443
0.7047600202542397,0.40430451939234535,-0.4369405873059049,1.3951511738508882
-0.7574601494804205,-0.304627594934489,-0.8761900543309249,2.1148691771941746
0.9747652236601949,0.16238655153502268,0.6996513527092034,8.804810442235476
0.5459734849412285,-0.49622335317675725,1.0,-3.2431550138790612
0.8074592593298475,0.6107681387750961,-0.5189165698652645,2.946227043178834
-0.995954200442916,-0.7082236670669111,-0.8739406216789225,2.5941427345437673
-1.0,-0.33390925906584323,-0.1632109148969232,-3.023279122809725
-0.8725531673626568,-1.0,0.5405435664776816,9.010470015087025
0.10006198403286337,-1.0,-0.3017008200924056,1.1458346919977604
0.00785139824176495,0.30290692240812733,-0.045505830992890184,0.40231830856339096
0.9641489359634035,-0.08218411106215817,-0.09881418366949579,2.810167415471361
-0.6858973380798676,0.8486142027718699,1.0,11.336473385788441
-1.0,0.34310761742671314,0.3383124859152793,-4.699412947833934
-0.7171474850755897,1.0,-0.3469559331218126,4.701571202657621
-0.5883934663390253,-0.35547016168550805,1.0,1.4895660731478944
-1.0,0.7051838028566535,-0.5394117383513195,4.552483577872885
0.19486527819635224,0.3221392580719782,1.0,1.9645160911463557
-0.5711351115237855,-0.6060907396855657,-1.0,-2.87642062501766
0.48940092958420145,-0.1400684479031331,-1.0,-3.5991198663810215
-0.6766784840704554,0.2304428110294643,-0.3076813474941924,-1.2621984174512748
0.41990176199620954,1.0,-1.0,5.992072275653079
1.0,-1.0,-0.11050585440581684,-8.986761254369817
-0.5302235751898414,-0.5351022489988495,1.0,0.42818466525807064
-0.8233188080220606,-0.47217043962042426,-0.6441105768867637,1.604479456964102
-0.9552428846257328,0.7254146963225119,0.43409985985157085,-2.8116563661882856
1.0,-0.10326747070502806,1.0,10.55343295557281
0.23116531099564352,-0.18183358349503687,0.4717159956741652,0.7262272765271668
0.38698141238690154,-0.7291779209241085,0.25608361246754563,0.6337269821012947
0.2715140564553631,-0.14554106030413627,0.34621781960788556,1.1291578226860317
1.0,-0.28609066321061594,1.0,8.258670526137026
1.0,-1.0,-1.0,-30.15599381114877
-1.0,-0.9879360346224357,0.7185426048330945,15.473102703108138
1.0,0.32279344132785304,0.1053746440334351,6.2706555997773075
0.17095872377841115,-0.385991864010127,0.07547883694337054,1.8389464620045373
-0.7807572905950724,-0.2793558546340764,-0.6861326586689855,1.2619774078723236
0.11242560088085707,1.0,-0.07623379498876925,9.152795733978966
-0.019477914177370215,-0.3515772176191203,1.0,-1.780823038579966
0.2092127407666935,1.0,0.4853837732418167,7.168164413707549
1.0,-0.8065619528733763,-0.46160663361467313,0.8045248864593174
-0.07411550746343054,0.6428796123887035,0.7631617068193053,1.5452318554462456
0.17623779929862615,-1.0,-0.5693062163656322,-1.9506354148518392
1.0,0.09114173431895445,-1.0,9.782982393653072
0.34135005813522024,0.6317640004353415,-0.6701110290677483,0.4166953625330543
1.0,1.0,-0.9712682779397854,38.31013084144043
1.0,0.023410435933016283,-1.0,7.788120571498611
1.0,-0.43677656722214087,-0.25922538186627775,4.28239731150289
0.7821080078545342,0.8709656283931975,-0.3553114261697279,5.400884778743003
-0.22684404696194216,-0.10095641489522222,-0.13917338992609096,-0.06336056456334666
-0.26955251889149046,0.0008248530572521062,0.6913443316190686,0.11653971296337194
-0.8209118484205189,-0.5164226076869762,-0.5981079248986938,2.0876712271772453
-1.0,-0.5257520781909275,-0.15074619204596829,-1.0663113589185993
-0.047384058004398044,0.16806563430878696,-0.049049361709986306,1.1604311890788679
-0.22834626603812924,0.9242018443918047,1.0,11.88867364596108
0.040760540896577435,0.6151071102042065,-0.3348054427252529,-0.38420470093811976
-1.0,0.2069875751138346,-0.8170520201968756,5.343490691342206
0.9889442681437695,-0.08573304048848729,-0.45577825990573184,4.0020197371665835
-0.4178816145546198,0.5591272735544897,-0.8543220953608388,-2.219397820592304
1.0,0.2067343047396093,-0.448947443551293,4.184172310162905
-0.6052014380607211,0.10577003348282621,-1.0,0.38845451173737744
1.0,1.0,-0.45650469525232085,20.03594681166165
0.798199116272887,0.9701795795014982,-0.40014957329858536,9.91817576418962
0.336782183111094,-0.6873391539844118,-0.4117010743047105,0.8029080032546183
-0.19114731660475637,0.18421765235161902,-1.0,-3.555951331705227
0.6742389890324352,-0.8995840686263978,-1.0,-16.39557827217739
-0.5923394636986896,-0.5438671440819824,-0.6515214968301142,1.4909694631713835
-0.371429231303247,-0.8788623768339028,-1.0,-8.90877630816227
-0.4732730886421168,-0.8657552636889374,1.0,-1.3191285567085451
-0.09392557132032398,-0.6751448114651659,0.24170444074928255,0.8670004931461749
1.0,-0.7877794083209513,-0.895213960852155,-1.0481766985692744
-0.24405788426717834,-1.0,0.5706117333949796,0.6800124073746807
1.0,0.15077380393954853,0.8016350279203166,10.671821504041464
0.5823776586735245,-1.0,-0.5570784907503892,-4.249561578355571
0.594118154145566,-0.3201879004274175,0.002606254380166595,1.634706184598961
0.6138639174291838,0.6277626155066487,0.08128626050803134,0.6562282403759029
-0.8150590215998363,0.24767340240524316,-0.3857118270533555,-1.4769853952436605
1.0,0.24459566039481206,-1.0,10.446918067954048
0.8718531999901629,0.4547356297074687,0.5687531414452136,5.463717198774261
0.6906991324552363,0.6850452617356673,-1.0,-0.4856292391200302
-0.8720063650534136,0.18410199255687432,0.08899144705197193,-2.607740199012853
1.0,-0.038439764589574876,-0.4284286094507692,4.559924920286314
0.06681529837437417,-0.03500858760498038,-0.0897176530898105,0.38564175978897836
0.12418286712206994,-0.38463998528280374,-0.47589080922493476,1.8703696993890957
-0.3282377143907129,-0.3758555273086448,0.5259456049373004,-0.22699083350108878
0.34210450310856655,0.945120823750635,-0.0883693482648078,6.059507369126892
0.18740341915185565,-0.46253220279070195,0.7599876808618204,0.05979951189495947
-1.0,1.0,0.4347849196055078,2.7393731005154667
0.8925426842784032,-0.27049011014670055,0.4259676340742724,4.0706898034276024
1.0,-1.0,0.06412039113409262,-7.974120054035257
0.2999367432153448,1.0,0.3476858804011256,6.996933189818074
-0.34837495805787855,0.6876007703040192,-0.18387933960165226,-0.8471630838626707
-0.8640716425839863,-0.05357796488152289,0.3900696245338062,-2.398731427341929
-0.4191610115399125,-0.20917874660607882,0.0297748694040898,0.08387238689098053
0.009084771990790719,-1.0,0.9033104359330706,-4.828389390953519
-0.014885761165356781,0.40255433042922095,-0.6606295618178915,0.08260650956552403
1.0,1.0,0.1514898653301735,13.65659898465036
-0.016045164377848975,-0.7532674720693568,-0.7110866973916052,-0.8765128899150991
1.0,0.38532258928174357,0.064952463708704,5.041769084338074
-0.6238909131206949,-0.697599223498673,0.4267228388621176,1.920542812401874
-0.48548351336174056,0.9865132344164855,1.0,15.501865748870303
0.7396243242742266,-0.19924163968553787,0.3986561289488646,1.7248522718234611
-0.26254321045979867,0.9921550187706802,-0.4777910353472745,8.179055641971932
0.9359519460810299,-0.9816414027623936,-0.949337273039256,-21.741144626361372
-0.9599663083469347,-0.6973312004907404,1.0,11.525003847283447
1.0,0.03999364688286744,-0.12173389491948772,4.307159087923762
-1.0,-0.11944624454083175,0.4989995356585788,-3.122782619149552
0.14035065127140323,-0.23191494894615405,-0.242657346314477,1.087275414476057
0.10707587095213245,0.6062102685402642,0.40770783855959114,0.7860592767317218
1.0,-0.7248510452944139,0.276235754209186,2.0208171323543063
-1.0,0.009438044391559819,-0.6575215641101382,-0.5984427547810247
0.8408625475220382,0.33615074192217054,-0.4421034332635332,2.442127139678561
0.15703774592052722,-0.781222497214094,-0.8207398408286761,-3.8004591179839835
0.8874394215652281,-1.0,0.696991317464315,-4.202612857309592
0.14568799569070623,-0.07204845266369042,0.7001646361921596,0.05938737471798078
-1.0,-0.3368888551510425,0.49154461323023924,-1.2477579866666022
-0.1781780010646119,-1.0,0.27449841418959675,1.8736812542364698
0.9835202913112657,-0.46282890062609816,0.11707601940961121,3.323770811298103
-1.0,-0.41245444543645005,0.5325569780975659,-0.8368787493685784
-0.4590873765933816,-1.0,-0.7521902220635928,-3.7507278629360923
1.0,0.23456046580538925,1.0,16.750093179655053
0.6529037005541147,-0.5461702926699354,-1.0,-6.2013137412498835
0.08281426505015799,0.6551680178351462,0.5091982302116695,0.6973103554511664
0.18008894444596169,0.2988668194366637,-0.06962764753305106,0.43707839324193476
0.34707041229021396,-0.8507657967098328,0.16433418547957013,1.094985517704055
0.3378084408985502,0.24645037400213488,-0.35747321529245313,1.3059705536123323
0.46989284664225783,-1.0,0.5985387217386322,-1.049276189723012
-0.09774548183439946,1.0,0.10928922489898407,7.288863484750341
1.0,-0.14765299640993756,1.0,9.69045133561926
0.37197494642773576,-0.8666999780601441,-1.0,-13.513662966405347
-0.5951707994283577,-0.7520921760877208,-0.06358282184872355,2.685520876801829
-0.14226092195687667,0.34473116904657863,0.1358773522807033,-0.48342518746339647
1.0,1.0,1.0,25.89980404262864
-0.06945367368290234,-0.389140289344172,-0.7049576423898947,0.5605422089356853
-0.07291223510093237,-1.0,-0.8890616186082259,-10.70253055593642
1.0,-0.16578130412387582,-1.0,5.976286934352616
0.17250181119154884,-0.846240780105433,0.2816142010717442,1.6805556408827949
-0.7759947294306802,0.04695996863943219,0.8028628617717035,-0.717849666959109
-0.2336257390947356,0.10697199345502173,-0.39905651912555995,-0.1610906845871134
0.18733417288316723,0.5576016696261112,1.0,3.6756475336018717
-0.7469910532943964,-0.3063587102030916,0.6388897567264489,0.7293891028329273
0.438719448229389,1.0,-0.0634259840057656,8.062240442078323
0.6292915781750068,-0.39164338466413917,-0.14502436342203784,0.7780752671126541
-0.6392771534076116,1.0,0.027964375076113157,4.72435094573597
1.0,0.675717739349446,1.0,25.376421764812036
-0.4530527061169498,0.9163003346190599,0.6088346148017116,4.145848239750415
1.0,0.37035617407961774,-0.3158546006580871,5.266523160072612
-0.12485784359888052,1.0,-0.31211078538630477,8.656848963421337
-0.298070944284331,-0.8497276994532983,1.0,-1.9453453796240638
-0.14887232253024263,-0.40043585743024135,-0.529130381236044,1.4295096249451742
0.23422936536966787,-0.16063227523769874,-0.0028924054768486585,0.6734892145530503
-0.9877560069627052,-0.8379898630399027,-0.0915468960458814,3.9639660306785713
-0.9631640368200816,0.8831213903313924,-0.06360297610504961,2.2955297470512264
-0.19452998904114893,-0.4286752169679271,0.15412989448826253,0.9114650126729361
-0.6530977462049827,-1.0,0.7946705874214908,3.536682971184939
-1.0,-1.0,-1.0,2.5332149201333727
-1.0,-0.34224749584441105,-0.6100314357734402,-0.9753340967624294
0.5346640368743525,-0.0626963101663518,-0.004534559958601969,1.1297384484990538
-0.7802089033525184,-0.35791188037284316,0.7909051561807219,0.9777960138652941
-0.21827146003491338,0.38556238304380086,-0.4702968322607852,-0.3943657382025738
-0.4836711983785049,-1.0,-0.612192745244889,-1.0598124709817764
-0.1989042772605374,0.5716985124787877,-0.02701430984612241,-0.39169168752070416
0.2120932144815424,0.15272885191290642,-1.0,-2.825973434354668
1.0,-0.8166884190551373,-0.9152618154892589,-3.4164709404715254
-0.732606837373966,-0.5590695704532538,1.0,3.270683462428027
1.0,0.7285412392055928,-0.5026317193370398,6.995582733459406
1.0,0.1093473005740857,-0.6568104048090146,6.179911525005799
0.20179568846282026,0.6512720412684809,0.05130093450590323,0.7247215857499181
0.6630464483841707,-0.7311373633078937,-0.18214862403744547,0.9173713032867981
1.0,-0.07522933244291252,-0.47475974654839037,4.653838947753841
-0.3349229141920096,0.6053390566438224,-1.0,-3.9119086237892393
-0.07615021806607536,-0.5471248390467032,1.0,-1.2532606944183584
0.5390010893931201,-0.22577351979016957,-0.11522470198433044,0.8769599425109633
1.0,0.8604197436522716,0.6488607983180879,14.054865370499765
0.5076125058232415,0.43726413671218944,1.0,3.544249577814971
1.0,-1.0,0.5553282225333807,-6.6331804247571196
-0.09791568423855423,-0.4245903751621445,0.8337057422615954,-0.4812992413028755
0.6441958749996741,0.0888648447566629,0.8651432196575162,0.40554720446893744
-1.0,-0.11101999775052818,-1.0,9.82807980338199
0.6768236822582727,1.0,-0.8070852680863578,13.326356186484446
0.5494093296069926,0.12614963413640812,1.0,0.7595272481395954
0.4392415152853548,-0.7447107101295021,0.651471862877697,0.27139330350868596
-0.7713100908388126,0.6250445220132501,-0.6545623255041366,-1.6907325299292038
0.647157961018477,-0.9662986260081963,-0.9879600937649746,-19.413667124341394
0.7392109429420608,0.5537177112828195,-1.0,-0.18536617805278083
-1.0,0.7962329334418103,-0.9818845852085492,19.361261519250522
-0.24603585228125113,-0.28898550141099344,-1.0,-3.2781878699930385
-0.416372027737282,1.0,-1.0,1.0134924862836834
-0.8433012073236361,-0.9939833844530004,-1.0,-2.6689625704030013
0.2620565195538176,-1.0,-0.1666001270925057,1.4636856771551525
0.7899812105181587,-0.12456003238479219,-1.0,-1.1036715385876357
-1.0,-0.2234152956444062,-0.08938545474131376,-3.62246018682201
-0.013324380453352491,0.1527156948422732,-1.0,-2.6826444630208868
0.7633768555657741,0.5709562613069148,-1.0,-0.368360336060487
-1.0,0.3513905486662692,1.0,2.9362458918194925
0.40432955084414224,0.061111674260412974,0.04241639615200099,1.4659182658250047
-0.9049003274631375,-0.5774013446867621,-0.5454193317968132,1.3531855360755887
-0.5013829113399968,-1.0,1.0,-2.743862039879444
1.0,-0.4909165631317114,-1.0,2.151220396736753
0.19683708590259608,-0.4812289303506496,0.6722370065097334,-0.06376477263462912
-0.5397653551331028,0.8740630077580889,-0.41252845152622575,1.3179884451997286
-0.6418209193788904,-1.0,-0.6167902457174175,0.45675781413789485
-0.4735944676594763,-0.7162437542446829,1.0,0.18755186544544167
-0.8498770013042962,-0.16422526040539176,-0.028480293999366912,-1.9564095327593944
-0.5094342807777625,-0.6466072036996491,0.069758142689059,2.547588401026635
0.5642253302671991,0.28017678958119974,0.9021717281893553,1.6512313308686677
-1.0,0.4036253109001169,-1.0,16.64929628411546
0.9978916108060769,1.0,-0.10722360507481121,14.05814964912044
-0.7509861617544005,0.242060477035569,0.20702497434279388,-2.486335273123933
-0.6549246494103322,-0.2449965331523345,-0.5436887043302556,0.29450672169490466
-0.7709552760285916,-0.8146318357085409,1.0,5.232008769628636
-0.3072375234539817,0.7680008931867701,-0.9007278308829894,-1.5188203373194584
-1.0,0.12933479639967316,-0.32951231569776906,-3.5966452168653262
0.7775396508917423,1.0,-0.9932983927322807,15.116453629410664
-0.8668041120399905,-0.8937612514493347,-1.0,0.48095244786600544
0.5973029593478458,1.0,-0.14624801759958217,9.120630130500428
0.4046815375523778,0.445823332825076,-0.5396184108593585,0.8603147184053515
1.0,-0.6169120432395376,0.04722035189526963,2.3430660894296524
-1.0,0.2832484054607063,-0.5692389653514709,-0.41780874291996734
1.0,-0.4518001002617891,0.0760866875596764,3.5255138954435385
-0.2995479166641912,1.0,-0.6439425627697548,7.111857806989815
-1.0,0.9320969663915042,0.3589989932614761,1.4757524728486984
-0.5016515911001767,-0.8232436758534158,-0.04475746708775219,2.5479316059859136
0.5447737178447192,0.3532933660478965,0.10393578800988013,1.5733761946547906
1.0,0.4401060905729799,0.11375879202219341,5.962534362935459
0.3371631500356027,1.0,-0.859691634712682,9.513534642121627
0.6456670746950028,-1.0,1.0,-5.909047758650613
1.0,0.9737618576982496,1.0,26.050303491479138
-1.0,-0.5055134950210627,-0.32899083389639006,-1.0790074883400502
0.22735755385775613,0.07831811952326673,-0.5393587586129573,1.5682266321436482
-0.1088964697704311,-0.09936061349164049,-0.14666490977260116,0.4921212310284063
0.23783023415268212,-0.6407633828695702,-0.19910941597458987,1.6545280346535531
-0.9202709959958417,-0.044538342130161945,-0.8831208601065434,3.956197559086911
0.8492697718727671,-0.02225639254082523,-0.3196629727198286,1.9407804910105568
-0.2600303207481869,-0.30392703450309044,-1.0,-2.922867135834918
0.17291830136001374,1.0,0.6524208897116177,8.232882118560832
1.0,1.0,0.04954399929036901,14.663435284056499
-0.10180241953473246,-0.5802796603991351,1.0,-0.9078450120769554
-0.6476107235833239,-1.0,-1.0,-8.611551275865882
1.0,-0.3922456898746811,0.7714968106960884,6.877767577072726
0.7453207494349214,-0.09392021984053134,-1.0,-1.5245282735886878
1.0,-0.9415390059367332,-0.7595083574537724,-7.997048420271436
-1.0,0.17364682420558664,0.633414426756933,-3.499740009931216
1.0,0.42123928565633917,0.9450660264989685,18.860362434216164
-1.0,0.051137091135393,0.19722853145971952,-4.091880361113497
0.3531703680127547,-0.7835208447434479,1.0,-4.1818432958095215
-0.6796865683657041,1.0,-0.2165705176557673,4.554790900271739
1.0,-0.1841057227229701,1.0,9.737790645460036
-0.7517252918812651,1.0,-0.7533546284019763,3.05917050878674
0.3807298255889455,0.24275223586621641,-1.0,-2.8562931374581066
0.736716853112354,0.6880184485524041,-0.27436177524195404,3.483974639262179
0.516763986267057,0.771844119169169,-0.6008767604451968,2.391536034944995
-0.3645953756176725,0.5687647484392468,0.8750907734136271,2.5467090296420616
0.369489184065376,0.3979618557784197,0.5485801228711431,1.6132498352002957
0.03310608449166619,1.0,0.2652469658103742,7.668665448383923
-1.0,0.8581701661301218,-0.3166537709777495,4.819842012174671
-0.5149346331711522,-0.35323761090600736,0.8049253737853743,0.9896103141327128
0.3343429776693885,-1.0,0.4773309620774846,0.6954017327610478
0.05909104529266607,0.985286516998048,0.791666603438997,8.748496079244742
1.0,-0.030041227015431327,-0.7264058656973338,6.731865384083578
-0.35515719085826714,0.4044043051731545,-0.43821924201994333,-1.2711708259823238
-0.2280224452189199,-1.0,-0.11395647806134601,2.504253807405609
1.0,0.12108769094938077,-1.0,8.805277390765253
-0.06325455273233804,-0.22459134212151044,1.0,-1.254760572770042
-0.24494371629216527,0.4347796993466879,0.12196601163637788,-0.2730984161769026
-1.0,0.6163863477318661,-0.19403945333940875,-0.4331779961245227
1.0,0.5789926005149106,0.6938300479178885,12.248845047056342
-0.048447494716695294,0.7000782345838077,0.8134221180761105,3.0640826724308305
0.4301013366561133,-0.924314457017763,1.0,-5.063286454121978
0.0854016706708065,0.7423383918032433,-0.2906009081996388,1.1893563544936625
0.6241228491402397,-0.4027953654179479,0.8491310381410959,0.10503928465853382
-0.6498545885080806,-0.7139818516832355,0.17997858157629842,1.5767788073950848
0.4998334720942561,-0.773725650705954,-0.402654137017485,1.5219658715024162
0.744447359199649,0.2762368714277068,0.5799204413186156,3.1624184076718653
0.8626943931026947,0.9315209101853772,0.8795411574412844,13.99642454296145
0.1755299426272987,-1.0,-1.0,-18.875938510746685
0.2306247620800912,-0.8023408066747044,-0.8910144662824089,-5.7859519897268745
-0.49003663743784354,-0.2670995776284675,0.2946793476732428,-0.401362412202797
0.20003216723041284,-0.3991386791136635,-1.0,-5.198332270086643
0.9448173168918399,0.25075661137481764,0.46159001758851326,6.205086453973219
0.9571208164718081,1.0,-0.9146037860351568,30.082236249427023
-0.3511660621374042,0.9985204830806436,-1.0,0.42642310797930216
-1.0,0.32677594224807915,0.9970962473768097,3.388683523280039
-1.0,0.4451792895641391,-1.0,16.672552759870158
-0.8007881189235091,-0.11430024384317305,-0.9795637308831748,4.9804662103002855
-0.4027384237970233,0.02976577164331151,1.0,1.8157144910575589
0.8117285824109568,-0.042480027639921536,0.5954784060335765,2.6705826829053363
-0.1794016794259572,0.22118554611090468,-0.04792341444297299,0.33991389780442544
0.14375662081778584,-1.0,1.0,-7.179485434427257
1.0,-0.4277806304761307,-0.9023298210813997,5.593500672384642
-0.08184180617704495,-1.0,-0.7882573229877663,-5.757351214303017
1.0,-0.6550100015021876,0.6491814995526186,3.454148432773019
-0.018997872768439006,0.18246894381309975,0.6168122617829848,0.07603538780779073
0.3044865013788831,0.7153345235343582,-0.8094405451595252,0.792689058652436
-0.6917181864305626,-0.6981337619990504,-1.0,-1.1701404011290457
-0.031053523915353543,0.2752014739393278,0.6526047762305096,-0.6465194090839521
1.0,0.1842406136586685,-0.09976894659192004,4.624545881078002
0.3785457238684389,-0.8785821741989994,0.7857282125702139,-1.7284810149996568
-0.2905927839837379,0.20617879685646523,-0.23622097309788348,0.29032140207300516
1.0,-1.0,0.40582081293740346,-6.200920382295266
0.08328565056266957,-1.0,-0.07474209550345079,2.0279529396334643
1.0,-0.9230936665627663,0.103553801751604,-3.6389132942374784
0.4706391267465122,-0.322786356601761,0.06368276487002245,1.268269426339294
-0.6568190578549435,0.6540856809370637,0.05202194183336073,-2.153177553991109
0.5610329569102328,0.2364662221382654,0.6509106820608324,2.2170336415312564
0.4982864929626618,1.0,-0.147659941446175,9.017121679687838
-0.9168451442989032,-0.21862305821951256,0.23864683938666809,-1.549621660813973
-1.0,0.8071759190515664,0.16347998326802338,-0.4807936826182333
1.0,-0.9095029726347439,0.5896280620115826,-2.1399932504578727
0.703918420050849,-0.19847861496466956,-0.8702384796338503,1.388225482716126
0.5972731547791628,-1.0,-0.46313332753279224,-2.781890902699062
0.29537364216245,0.13426603480361998,0.08610179747018654,1.0591526623459848
0.17997287806230267,0.7010738035804571,-0.5790351021053217,0.9713615213281959
1.0,0.8188968627141568,-0.5440091733415737,9.586120074342197
-0.5997008189615176,0.17887658036325838,-0.40163540624404415,-1.3900517826848549
-0.15939653268155918,-0.23299214048790384,-1.0,-3.633791685384826
-0.31622022237967773,-0.3001813031324492,0.6756112896598085,-0.7947819829577852
1.0,-0.4276614583049143,-1.0,3.142961699139642
0.48149664475160003,-0.6962263146503951,-0.009483293541800997,0.9295192422628944
1.0,1.0,-1.0,39.56617077574328
0.1733966898608459,-0.25589490321023267,0.30194012254287594,0.2945600627729055
0.5405899480903653,0.5082882517142044,-1.0,-2.7796457448302068
0.41363993315403746,1.0,-0.6223850085918019,11.572769914248566
-0.15459974668334442,-0.025863303521101777,1.0,0.907103628357101
0.4518384841510652,-0.19205893291469556,-0.35863697988821075,1.894447252903103
-1.0,0.13800739387550176,-0.4625480961962447,-1.7936117813809378
-1.0,0.155353800158466,-0.005569786462356507,-4.080597370686497
1.0,1.0,1.0,25.45208340289977
0.3923255298534687,0.5340022384754444,-0.8554263266358428,0.40791857920376895
0.21129199795356235,-0.2350235016294948,-0.1968038461222279,0.7958372397166416
-1.0,0.07684330505882819,0.22704756673500515,-4.285191191761675
0.7122760996781656,1.0,-0.05006086446161517,9.013875268830471
0.7698461624340331,-0.749668779465114,0.14310266977471375,0.19262789054796386
-0.7524139721862244,1.0,0.05256903499816601,4.48569205209651
-1.0,0.7682940923096895,0.7845616006574578,-0.8178178083207226
1.0,-0.33649778774609196,-0.08642994936907877,4.110626771151996
-0.5841515120049452,0.751159341489684,-0.0072843747751571986,-1.1268638261230104
-0.09309389922602551,-0.3496388632419034,0.4266532198655568,-0.16383230244454927
-0.3802291250413832,1.0,-0.29654420062272213,6.542318311615777
-1.0,-0.8540692381727484,1.0,18.3191314290593
-0.9712353369282203,-0.00847222312463658,-0.27361273865843727,-2.810760017443484
0.45823467283632136,-1.0,-0.8231994045209741,-11.045460890382705
0.24491563533569405,-0.17709087991630312,-0.6703513316462479,1.346898404893175
-0.8012590041422871,-0.32772053071575713,-0.5856305478463262,1.193348258122532
-1.0,-0.39286300719664413,1.0,7.606209838467221
-1.0,1.0,-0.3610351318829097,11.327407848208493
-1.0,-0.4461968687417037,-0.33799028518344265,-1.3498760932954168
-0.3558960173811234,-1.0,0.9258131963875618,-2.954123321492784
0.24309982658289697,-0.48519083535340024,0.5981144212719873,0.7651220508306957
0.2775716393117762,0.8128855557937198,0.46118337568683554,3.076286779218733
-0.8826717971074078,1.0,-0.524115178720328,6.6738945012188156
0.10264537223457015,-1.0,0.6037874836762951,0.23220554066481958
0.5881811074959338,0.7150519980242671,-0.5273252651969118,1.4298986208498294
-1.0,0.5803231832891329,-0.5227432851507352,2.994173903088715
-0.25352072906660417,-0.9485435582692829,0.16753456570603298,3.206852186080291
-0.8653096898035577,0.11109869529750416,-1.0,6.790134361979496
0.7977463873378696,0.1873007022001194,-0.562142518745846,2.4639614307479967
1.0,1.0,-1.0,38.62728977023885
1.0,0.8145439635281166,1.0,26.398912229571362
-0.4953771830706528,0.4919106184566018,-0.006229883325238106,-1.5279176990812042
0.11275285098802246,-0.63316308393143,-0.6011366400797449,-0.07662016745490619
-0.6008381024246852,0.690806439845393,-0.3086334836007645,-2.065084121112343
-0.4420510950968133,-0.00552655439422689,-1.0,-1.4337554674330033
-0.761862570241703,0.49139035111336926,0.034332369305472676,-2.323510504307772
0.5306477205057734,-0.767533716490294,1.0,-4.429362968900046
-1.0,-0.35327705064437565,-0.9366643742490988,5.143765953262098
-1.0,0.1170803119325814,0.6656624625402341,-2.683075894519244
-0.41450601978854085,-0.5041743416252715,-0.39659386539141495,0.6447910179573249
0.21116255479304002,0.40729106892301714,-0.03764131382124103,0.4316078850946227
-0.23210145166695262,-0.629532614122918,1.0,-0.8527653237252951
1.0,-0.3787905956627311,-0.8293227753582646,5.3823170349032505
-1.0,1.0,-1.0,21.719698571909678
-0.06921310705644346,0.6107937120374507,-0.29724643376123794,0.6218445100773482
-0.16192511366905094,-0.5849990171967034,-0.37889423830682856,0.8537241444195491
0.9400889832241017,0.12582932002711322,1.0,11.601115168581517
1.0,-0.24270565563405722,0.2653621336182792,5.857304128399358
0.05351082873470547,1.0,-0.5901735248054554,10.643114765043626
-1.0,0.036091470612034104,-1.0,11.125569107066973
0.5978633330980538,0.6253516602008755,-0.4203278969940747,0.9791564162342288
0.11768850958671928,-1.0,-0.9206831249660625,-12.900544483863452
-0.8423265958356889,-0.45513465193111546,0.3482673303151136,0.5895822367915733
-0.42159445406897933,0.39363721576410593,-0.09501468232362353,-0.4295167749645783
1.0,0.6565236696693681,-0.4735718860285414,6.8777639520311435
-0.7314121111039578,-1.0,-0.5416265916338519,2.700871325397038
-0.19631617919903332,-0.9237536572769625,-0.11277852344620909,2.28608555438894
-0.8211465603985297,0.39549293810824215,0.02115132306926748,-3.0185162790609374
-1.0,-1.0,1.0,22.115960298216937
0.29883858083290504,0.7309574274355903,1.0,5.74117425257817
-0.42537372201668244,-0.0666056323166091,0.7175638735487415,-0.30862854194976896
-0.9614941789493014,-0.18227629774329546,0.7628235887390553,-1.0031239020675458
-0.658640895651051,-0.6089093037317255,0.2255989263666931,1.0721942133567683
0.7945324172951946,0.2753184099995931,0.3551533395494868,3.0302792392652034
-0.18605016654188256,-0.2010820313003454,0.8061836389449692,-0.6864446509401749
0.8235999164188288,0.7079784909126887,-0.589364815564084,2.0794119167104657
0.8170631506867585,0.006465162658874757,-0.6464117814319696,1.8403574314869153
0.2891258197699269,1.0,-0.14201348977239636,8.973720448745583
-0.20040338277793435,0.6428518212925709,0.38210851339957985,0.5492404425551315
-0.8646215400440667,-0.4561748793446496,1.0,5.582200691462888
1.0,0.303193105801151,-0.07897500002300917,5.540251893287824
-1.0,1.0,-1.0,22.24973163288144
1.0,1.0,-0.5158078975890252,20.349800577269605
0.7162427277543681,-0.4646312145560345,-1.0,-5.230554352257651
-0.42722285405735616,0.05893836348358916,0.036516267174785844,0.06948910326429825
1.0,1.0,-0.20389047518579817,17.14330107124882
-0.9446364322568437,-0.451715034537568,-0.2818944739836591,-0.05258856332946299
1.0,-0.4281296225846485,-0.5031171781844475,4.404673287619728
-0.020480156323190446,-0.1841875321060924,1.0,-0.578643480791567
-0.45982268361602996,0.36027347381363684,0.27729530099208644,-1.1792953763377916
0.3452997544676988,-0.35761183052134604,0.662468022726707,0.3490715030706667
1.0,0.026054785403080816,-0.7784564658601969,6.23108545525547
0.4468415317260843,-0.13332002712166569,-0.41412647368978805,1.585031742765171
0.731948320871717,-0.6578219237300285,-0.4625475806432311,0.41431431686647163
0.7254886236973146,0.05970219907246643,-0.07095155599407299,1.9516271859038588
-0.7270362008999294,-0.14340780457754154,0.02206057859361854,-0.7946212164210845
1.0,-0.18250527508071435,-1.0,5.597249194762244
1.0,1.0,0.5066543547921214,14.155873627603357
0.7708040608791287,-0.048817040357408636,0.5913617975966259,2.568572030813908
0.3016956494852401,-0.7004763236678531,0.8920414964311882,-1.3187598174756388
1.0,-0.09263498413608984,-0.7499166349623405,6.0927869092215925
1.0,0.19205924878332992,-0.6640905524845577,5.576097820022704
1.0,0.1752640720121712,0.46604790481599556,7.171081511542313
0.22309727379723965,-1.0,-0.04358043630232755,1.6811119502360472
-0.39827975338439847,-0.34606361738635383,0.8421966828704623,-0.4045240170703752
-0.1706009693277899,-0.6207540338698463,-0.40830864099526987,1.1947107236326424
-0.2615615827153923,-1.0,1.0,-5.973595986810327
0.8929567023307186,0.17705733625892028,-0.7348746060714157,3.219951239231202
0.3254399836896482,1.0,-0.7044415193117739,10.988567325219247
0.5198882432207552,-0.9418689646276168,1.0,-5.65177369351024
-0.9729133300876871,1.0,0.7415490428856366,2.290773844566169
0.14944468116464038,0.3385030376669742,0.297537471627934,0.6275978496878335
0.1225921561405201,1.0,0.07422853012036601,7.770043448744743
0.04212535643645143,-0.04630178838452137,0.7020623640988888,1.0396471119263482
0.581551944087958,-0.1814109796425072,-0.10128901135304158,1.338123600653114
-0.18001334519354906,0.4816403877008242,-0.671654054781099,-0.38123485433551696
-0.08371316340194346,-0.6525820246892555,-1.0,-7.105241779871274
0.07587347392511012,0.1830906882689205,0.08658784642600814,-0.16825268945872707
-1.0,-0.0476929330890532,-0.08107669043007126,-4.1619790570560165
-0.5019368083480926,-0.491841005907653,0.5493619165009458,0.11771178573283264
-1.0,0.032327374710664714,1.0,3.456803505654789
-1.0,1.0,-0.5403475003545883,12.150725665156854
-0.13221940276622512,-1.0,-1.0,-16.45831483438157
-1.0,0.3600403620414325,1.0,4.130344890650393
1.0,-0.47281230523835904,0.8522276174913299,5.237692686844891
-1.0,1.0,0.8162615704420271,4.480694291526113
-0.3829701134241934,-0.009027337108804545,-0.6371206837316796,0.32592274543585165
0.8458794323503784,-0.06485559815810915,0.29099722628321034,3.1879207098713023
-1.0,1.0,0.9440039327178711,11.392171460362967
0.3887549946853204,-0.2111227757134564,-0.11495822593137861,1.6531440980548227
-0.35761764968276544,0.16362280506704363,-1.0,-2.3252059782275274
0.7471244751999522,1.0,-0.279200506521708,10.462215632387833
-1.0,-1.0,0.48067230161821395,11.942257941544156
1.0,-1.0,-0.3673230803998013,-10.030662126428963
0.07541487458606744,0.8106017004365629,-0.5970500128058926,2.6641491206947068
-0.21781330364173845,-0.6719915632427313,0.5255139673724061,1.1112954944387
-0.5665903853093206,-0.3239044142133376,0.12041698746702556,0.05530127640780541
-0.7185290852131756,-0.7315474570533445,1.0,3.379367985028746
0.37698978186172627,-1.0,-0.539800904473748,-1.4875232314226667
-0.7194169511919888,0.7913840688525096,-1.0,-0.7307524917102121
-1.0,0.49285985961527734,-0.6784776650976725,3.012669466552201
1.0,1.0,0.09469730017991806,14.397553235716138
0.8134033267429119,0.06249964528507257,-0.32146839576501884,2.394672227762895
1.0,-0.5125310203115112,0.9163155301283199,6.336152481112432
0.05446876872450135,-1.0,-0.3028037325239328,1.5907939942179332
0.7871211526750137,-1.0,-0.8369729428583481,-15.559481388456895
-0.44271525233955034,-0.754600070006151,-0.06332376079153135,1.5379293641503156
0.44431997592648753,1.0,0.626411006699781,6.837579259322078
-0.08597014813079262,-1.0,0.5816117040622588,-0.12495918520696281
-0.2199442197272068,0.27106549775036237,-0.279339413141906,-0.30443481871590927
-1.0,0.847042274440096,-0.2778510637002394,3.868832489034072
-1.0,1.0,-0.02619267723013552,7.597040088123002
-0.10373319027256933,1.0,0.3440234004496989,7.8770197928224475
0.12008839466983634,0.1478411271057274,0.4976139166287612,0.38862183025837577
0.47092634754045304,0.9205480625177047,-0.30498230468976373,5.338029566129615
-0.3651219624079005,0.0036958774593034427,-0.9586844768577099,-1.399474264674121
-0.20461793540651163,0.20381550808711157,1.0,1.525816168517591
1.0,0.24757855809295348,0.6513945956341045,9.942509050178133
0.13390133785560088,-0.8636527723233263,-0.3031422956088976,1.5127820667082712
-0.7911255887941164,-0.6022737541152074,0.18108913430800277,1.7015125839808456
0.24813889311787518,0.904128533650282,1.0,8.887283251408551
-0.8223042171042438,-0.5072027249411721,0.5293950881419502,1.8848896563951487
-0.6721693156259028,0.478620380901698,1.0,3.6871027485256063
-0.4927640122724155,0.4012873584755292,-0.4877568643595518,-1.2072777269041173
