degree,n_terms,ols,ridge,ridge_alpha,relaxed_lasso
1,3,32.734070564911555,32.731849553185235,3.0,
2,9,20.856606760953532,20.855699749796692,1.0,
3,19,10.852865859686004,10.852819005273593,0.1,
4,34,4.033746243336687,4.031529952787738,0.1,
5,55,1.5703209613856086,1.5702888506980452,0.01,
6,83,0.649969502271494,0.6499729231253172,0.0001,
7,119,0.3450509593733818,0.34457138223770317,0.001,
8,164,0.27617259977788605,0.27169594002474506,0.01,
9,219,0.3008017889198612,0.265399266713523,0.01,
10,285,0.402022107850852,0.2573532144723171,0.1,
11,363,0.7058563561188202,0.2545259933406826,0.1,
12,454,3.1624595422752693,0.2548625872385967,0.1,
13,559,15.096119946838794,0.2565616987515663,0.3,
14,679,136.42145434592243,0.2591668976254407,0.3,
15,815,,0.2630608227964365,0.3,
16,968,,0.26698839830714377,0.3,
17,1139,,0.2728386347555973,0.3,
18,1329,,0.27692223584000214,0.3,
19,1539,,0.2846353698175975,0.3,
20,1770,,0.2896286648426666,0.3,
