alpha,cv_mse,terms
0.15848931924611134,0.7126273856833741,34.0
0.14181564284025458,0.6262810371372228,37.733333333333334
0.12689610031679222,0.535399133862479,41.06666666666667
0.11354615015036011,0.5040953721559356,43.6
0.10160066528271418,0.4782401291683694,46.13333333333333
0.09091189064728836,0.435665406904609,48.266666666666666
0.08134761556990197,0.4012256529196275,50.4
0.07278953843983149,0.3824058421399882,52.0
0.06513180342367707,0.37251618519330504,53.733333333333334
0.058279691122469696,0.354364806741544,55.86666666666667
0.052148446976607886,0.34315905778323835,57.93333333333333
0.04666223292703069,0.33345693729417164,59.8
0.041753189365604,0.33021158462578093,62.2
0.037360595771877524,0.3330330225041187,64.0
0.033430119654032794,0.33112550033042504,66.6
0.02991314450408691,0.325632302343799,69.6
0.026766168454752822,0.324336248859492,72.4
0.023950266199874847,0.323072232284918,76.66666666666667
0.021430607522871344,0.3255593632860829,79.06666666666666
0.019176026477808004,0.32583186566150224,83.6
0.017158635894253222,0.3304589464103093,87.33333333333333
0.015353482437682264,0.3365819776193542,91.6
0.013738237958832623,0.3422856090439905,96.4
0.01229292331427588,0.34805888709027,102.8
0.01099966124211087,0.35322743152604735,108.26666666666667
0.009842455236069542,0.3595185770002102,114.33333333333333
0.00880699168290408,0.3721819417939791,121.8
0.007880462815669904,0.3830677908525549,128.93333333333334
0.007051408292993668,0.3904810907889495,137.6
0.006309573444801929,0.4030647709277048,146.33333333333334
