degree,alpha,cv_mse
10,0.05,0.25541241930555325
10,0.1,0.2553880777339016
10,0.2,0.26067054008709706
10,0.3,0.26761150395266964
10,0.5,0.2822359838768786
11,0.05,0.2584740171091191
11,0.1,0.25589375458816793
11,0.2,0.2572071969749661
11,0.3,0.26051950307380356
11,0.5,0.26892653009199724
12,0.05,0.2602264947928795
12,0.1,0.2545353245048587
12,0.2,0.2525811670604042
12,0.3,0.2537732837444995
12,0.5,0.25883249130162356
13,0.05,0.2692939449186318
13,0.1,0.2599752904281155
13,0.2,0.2555197445594202
13,0.3,0.2553777900309366
13,0.5,0.25843627555362525
